Question Number,student id1,student id2,student id3,student id4,student id5,student id6,student id7,student id8,student id9,student id10,student id11,student id12,student id13
1,B,B,B,B,C,B,C,B,B,,B,B,B
2,D,D,D,D,C,D,C,D,,,D,,D
3,C,C,C,C,D,C,,C,A,,A,C,C
4,B,,C,C,A,B,D,B,D,,,B,B
5,,D,D,,D,D,,D,D,D,D,D,D
6,B,A,A,A,C,A,,A,C,,A,,
7,B,A,,D,D,A,,A,C,,,,
8,D,D,D,D,D,D,,D,D,,D,D,D
9,D,D,D,D,,D,,C,A,,,,D
10,D,D,D,C,,D,,A,,,D,A,D
11,B,B,B,B,,B,,B,,,D,B,B
12,A,A,A,A,,A,,A,,,A,A,A
13,A,A,,C,,A,,A,C,,D,B,C
14,A,A,,A,,A,,A,,,C,D,A
15,,,,A,,,,,,,A,,A
16,,D,,,,,,,,,,,B
17,,D,,C,,,,,,,,,C
18,,C,,,,,,,,,,,A
19,,D,A,,,,,B,,,,,B
20,,B,,A,D,A,,A,D,,,D,
21,,A,,D,,,,,D,,,,B
22,,C,,D,C,D,,D,A,A,C,A,A
23,A,A,A,A,A,A,,A,,,A,D,A
24,C,,C,A,B,C,,C,,,,B,C
25,D,,D,D,B,D,,D,B,,,B,D
26,B,,B,,,B,,B,D,D,,C,C
27,A,,A,A,,A,,A,A,,,A,A
28,,C,B,C,A,,,,,,C,A,
29,C,C,D,D,C,D,,D,B,,C,C,D
30,B,B,B,A,,B,,B,,,D,C,B
31,A,B,A,,,C,,,C,,,C,
32,,D,D,B,,,,D,D,D,,C,B
33,,B,B,B,B,B,,B,,,B,,
34,,C,,D,,,,D,,,C,,D
35,,D,,C,,,,,,,,,D
36,,B,,B,,A,,A,B,,C,,
37,C,B,C,C,,C,,C,,,C,,C
38,C,C,C,C,C,C,,C,C,C,C,C,C
39,A,D,A,D,,A,,A,,A,D,,D
40,B,B,,B,,B,,B,C,,,,C
41,,D,,D,,D,,D,,,D,,D
42,C,D,C,B,,C,,C,,,,,
43,,,,,,,,A,,,,,
44,C,C,A,,,C,,D,,,,,
45,,A,A,A,A,,,A,A,C,A,,A
46,B,C,C,B,B,B,C,B,B,B,B,C,C
47,A,A,A,A,A,A,,A,A,,C,A,A
48,D,D,D,D,D,D,D,D,D,,D,D,D
49,B,,D,D,B,B,A,B,C,,A,,B
50,B,D,D,B,D,B,D,D,D,,D,D,D
51,B,B,B,B,A,B,B,B,B,,B,B,B
52,B,D,B,C,A,B,,B,,,B,A,C
53,C,D,,D,C,D,,D,D,,,C,D
54,A,C,D,B,,C,,D,D,,C,B,C
55,B,B,,C,D,D,A,B,B,,D,D,B
56,C,C,D,C,C,,,C,D,,C,D,C
57,B,B,B,B,B,B,,B,B,,B,D,B
58,B,B,B,B,B,B,B,B,B,,A,B,B
59,A,A,A,A,A,A,C,A,A,A,A,A,A
60,A,A,D,A,D,A,C,C,A,,A,D,A
61,A,A,A,A,A,A,,A,,A,,A,A
62,,D,A,A,C,A,A,D,D,,A,C,C
63,A,A,A,A,C,A,,A,A,,A,A,A
64,,B,B,B,B,C,,B,,,,B,B
65,C,C,C,C,C,C,C,C,C,,C,C,C
66,B,B,B,B,B,B,,,B,,D,B,B
67,D,D,D,D,D,D,D,D,,,D,D,D
68,A,A,A,A,A,A,B,A,D,,B,A,A
69,C,C,A,D,A,C,,C,B,,A,C,
70,A,A,B,A,A,A,,A,C,A,A,A,A
71,A,A,D,C,,D,,D,D,,,,D
72,C,C,C,C,C,C,,C,A,,,,
73,B,B,C,B,B,,,B,B,B,C,A,A
74,D,D,D,C,D,D,,C,C,,D,D,D
75,,B,C,D,,,,,,,,,
76,D,B,D,C,C,D,,D,,,,,
77,,C,,C,,,,D,,,,,
78,,A,D,C,,,,D,A,,B,,C
79,,A,,,A,A,,C,C,,,A,A
80,,A,C,A,B,C,,C,,,C,,
81,,B,D,D,,,,A,D,,A,,C
82,A,A,C,B,B,A,,A,B,,A,B,A
83,,B,B,C,D,B,,B,D,,A,A,B
84,,C,D,D,,,,B,A,,D,,D
85,,C,C,C,C,,,B,B,,D,C,
86,D,D,A,D,D,A,,D,A,,D,,A
87,C,D,C,C,C,C,,C,C,,B,B,C
88,C,C,C,C,,C,,C,A,,C,C,
89,A,,D,A,C,D,,D,A,,D,D,
90,,C,B,C,B,C,,C,B,,D,A,C
91,B,B,B,B,D,B,D,,B,,B,B,B
92,D,A,,D,,C,,,B,,B,,A
93,C,C,C,D,B,C,B,C,B,,D,A,C
94,D,D,C,,D,D,D,D,D,,D,A,D
95,C,C,C,C,C,C,B,C,C,,C,C,C
96,D,C,D,D,D,C,C,D,A,A,D,D,D
97,B,B,B,C,D,B,D,B,B,,A,,B
98,D,A,A,A,A,A,D,A,A,,,D,A
99,B,D,A,D,A,D,B,C,A,,C,D,D
100,D,D,D,D,D,D,C,D,D,,B,C,D
101,A,A,C,C,C,C,C,,B,,C,C,C
102,A,C,D,D,D,D,A,A,D,D,D,D,C
103,A,D,A,D,D,A,B,,D,,D,D,A
104,C,D,A,D,B,D,D,D,A,D,D,D,D
105,D,C,C,C,D,C,,C,D,,D,D,C
106,B,B,C,B,B,B,,,B,C,B,B,C
107,B,B,B,B,B,B,,B,B,B,A,B,B
108,D,D,D,D,D,D,,D,D,D,D,A,
109,C,C,C,C,C,C,,C,,,C,B,C
110,A,A,A,B,A,A,,,,A,B,C,D
111,D,D,D,D,B,D,,D,D,,A,D,D
112,A,A,A,C,C,A,,A,A,,C,C,C
113,D,D,D,D,D,D,,,D,,D,,D
114,B,B,B,C,C,B,,,A,,B,,B
115,B,B,B,B,B,B,,D,B,,B,,B
116,A,A,A,C,A,A,,,C,D,A,A,D
117,B,A,A,A,B,A,,A,B,A,A,,A
118,D,C,C,C,C,C,,C,B,B,D,,C
119,C,C,C,C,D,C,A,C,D,D,C,A,C
120,A,A,A,A,A,A,A,C,A,A,A,A,A
121,A,D,A,A,B,D,D,A,B,,D,A,D
122,A,A,A,A,A,A,,A,A,,B,A,A
123,B,B,B,D,B,B,A,B,D,,A,,D
124,D,D,D,D,D,D,D,D,D,D,A,D,D
125,B,B,B,B,A,B,,D,D,,D,B,B
126,B,B,B,B,B,B,,,D,,B,B,B
127,C,C,C,C,C,C,C,C,C,C,C,C,C
128,B,D,B,D,C,C,,D,B,C,B,D,D
129,C,C,C,D,C,C,,C,,,,D,C
130,D,D,D,D,A,D,,A,A,D,A,A,D
131,C,C,C,C,D,C,A,C,C,A,C,C,C
132,A,A,,A,A,A,,A,A,A,A,A,A
133,A,B,B,B,B,B,,A,B,A,A,C,B
134,D,D,D,D,D,D,,B,,,D,D,C
135,A,B,B,B,B,B,B,B,,D,,A,B
136,B,B,B,B,B,B,B,B,C,,D,B,B
137,D,D,D,D,B,D,B,D,D,B,B,,D
138,B,B,B,B,B,B,B,B,B,C,B,B,B
139,D,D,D,B,A,D,A,D,D,A,D,D,D
140,B,B,B,B,B,B,B,B,B,,D,B,B
141,C,C,C,C,C,A,C,C,,B,C,A,C
142,D,D,D,D,D,D,D,D,D,D,D,D,D
143,C,C,C,C,D,C,,C,D,,A,C,D
144,A,A,A,A,A,A,A,A,A,A,A,C,A
145,D,D,D,D,A,D,A,D,C,D,D,D,D
146,B,B,B,D,B,B,A,B,B,B,B,B,B
147,C,C,A,C,C,C,C,C,C,C,C,C,C
148,A,A,,D,A,A,A,A,D,,A,A,A
149,C,C,A,A,A,,A,A,A,,,C,C
150,B,B,B,B,B,B,B,B,B,B,B,B,B
151,A,A,A,A,A,A,A,A,A,A,A,A,A
152,B,B,B,B,B,B,A,B,B,,B,B,B
153,D,D,D,A,B,D,D,,,B,D,,D
154,A,A,A,A,A,A,A,A,A,A,A,A,A
155,B,B,B,B,D,D,D,D,B,B,B,B,B
156,D,D,D,B,D,D,,D,D,D,D,D,B
157,B,C,C,B,D,B,,B,D,B,B,B,B
158,B,B,B,B,B,B,B,B,C,,B,B,B
159,C,C,C,C,B,C,C,C,C,,C,C,C
160,A,A,A,A,A,A,A,A,A,A,A,A,A
161,D,D,A,A,D,D,,D,D,D,D,D,D
162,C,C,A,C,A,,A,A,,,A,B,B
163,C,D,D,D,A,C,D,C,D,,A,C,D
164,,A,A,C,C,A,,,A,A,C,,B
165,A,A,A,A,A,A,A,A,A,,A,A,A
166,D,B,B,B,B,B,B,B,B,,B,B,B
167,A,A,A,A,B,A,,A,B,,,A,B
168,A,C,C,A,A,C,,A,A,C,C,A,C
169,B,B,B,A,B,B,,B,B,,A,,B
170,B,B,B,B,B,B,,B,B,,B,A,B
171,C,C,C,A,B,C,B,C,C,B,C,C,C
172,D,D,D,D,C,D,,C,B,,D,D,D
173,A,B,A,C,A,B,,A,,,,A,A
174,C,C,C,C,C,C,,C,B,A,C,,C
175,B,B,B,B,B,B,C,A,,,B,B,B
176,B,D,C,A,D,D,,C,C,B,D,D,A
177,,A,A,C,A,B,,A,,,,,A
178,C,C,D,B,B,D,,C,D,A,D,,B
179,A,A,A,A,D,A,A,,,,A,,A
180,D,D,D,D,D,D,D,D,D,D,D,D,D
